Dataset,Runs,Episodes,InitialReward,FinalReward,RewardChange,InitialCriticLoss,FinalCriticLoss,InitialFeasibleRate,FinalFeasibleRate,OverallFeasibleRate,MeanTrainingTime_s
S1,30,20000,-1.01255186116917,-0.861919564315509,0.150632296853657,0.0420611295774528,0.00309804638543688,1,1,1,50.22262248
S2,30,20000,-1.52232322918612,-0.809253915869513,0.713069313316603,8.08813216615686,0.0886694328381019,0.943,0.937633333333333,0.936023333333333,47.0945815233333
S3,30,20000,-1.05642660889681,-0.954735623969531,0.101690984927276,0.0401682027798934,0.00209809533788643,0.9082,0.9579,0.956646666666667,73.8520132866666
S4,30,20000,-2.55853635271874,-2.79404044092414,-0.2355040882054,5.71838840034212,0.351354711453266,0.7517,0.769266666666667,0.777691666666667,60.2874343466667
S5,30,20000,-1.09760928928475,-1.03684485735216,0.060764431932588,0.0511935719862482,0.00358923931888672,0.6301,0.747466666666667,0.702021666666667,104.580987313333
S6,30,20000,-4.0469104579966,-4.43830824717138,-0.391397789174786,4.18796445072214,0.308773773792457,0.366533333333333,0.2633,0.25853,95.05472543
S7,30,20000,-28.520314698277,-37.0451815453014,-8.52486684702433,76.7292012063598,6.20502196050911,0.0659,0.0111666666666667,0.0152483333333333,221.41270394
S8,30,20000,-49.9534056463362,-44.5248816614035,5.42852398493271,35.3682074742056,30.6235665167194,0,0,6.66666666666667e-06,423.09764178
S2 defective,30,20000,-1.52232322918612,-0.809253915869513,0.713069313316603,8.08813216615686,0.0886694328381019,0.943,0.937633333333333,0.936023333333333,53.8648097266667
